Month,sessions,purchases,conversion_rate,conversion_rate_percent
Feb,181,3,0.016574585635359115,1.66
Mar,1860,192,0.1032258064516129,10.32
May,3329,365,0.10964253529588465,10.96
June,285,29,0.10175438596491228,10.18
Jul,432,66,0.1527777777777778,15.28
Aug,433,76,0.17551963048498845,17.55
Sep,448,86,0.19196428571428573,19.2
Oct,549,115,0.20947176684881602,20.95
Nov,2982,760,0.25486250838363517,25.49
Dec,1706,216,0.12661195779601406,12.66
