VisitorType,sessions,purchases,conversion_rate,conversion_rate_percent
New_Visitor,1693,422,0.2492616656822209,24.93
Other,81,16,0.19753086419753085,19.75
Returning_Visitor,10431,1470,0.14092608570606846,14.09
